Workbook

Sheet 품목별현황 - 상세
B2: ■. 각 품목별 현재 개발 현황(23-04-27 기준)
B3: 품목 | C3: 구분 | D3: 채번 | E3: BOM | F3: 라우팅 | G3: 금형 | H3: 영업PO | I3: 자재PO | J3: 생산PO | K3: 생산 | L3: 품질 | M3: 라벨 | N3: 출하
B4: OCA | C4: 시범운영 | D4: ● | E4: ● | F4: ● | G4: ● | H4: - | I4: ● | J4: ● | K4: ● | L4: ● | M4: X | N4: X
C5: 정상운영 | D5: ● | E5: ● | F5: ● | G5: ● | H5: ▲ | I5: ● | J5: ▲ | K5: ▲ | L5: ▲ | M5: ▲ | N5: X
B6: PL | C6: 시범운영 | D6: ● | E6: ● | F6: ● | G6: - | H6: - | I6: ● | J6: ● | K6: ● | L6: ● | M6: X | N6: X
C7: 정상운영 | D7: ● | E7: ● | F7: ▲ | G7: - | H7: - | I7: ● | J7: X | K7: X | L7: X | M7: X | N7: X
B8: TAPE | C8: 시범운영 | D8: ▲ | E8: ▲ | G8: - | H8: -
C9: 정상운영
B10: SUS | C10: 시범운영 | D10: ● | E10: ● | F10: ● | G10: ● | H10: - | I10: ● | J10: ● | K10: ▲
C11: 정상운영
B12: DECO | C12: 시범운영 | D12: ● | E12: ● | F12: ● | G12: - | H12: - | I12: ● | J12: ● | M12: X | N12: X
C13: 정상운영
B14: PCPMMA | C14: 시범운영 | D14: ▲ | E14: ▲
C15: 정상운영
B16: 선합지 | C16: 시범운영
C17: 정상운영
B21: 12일에 | C21: nitto 방문
B22: 품목 | C22: 구분 | D22: 채번 | E22: BOM | F22: 라우팅 | G22: 금형 | H22: 영업PO | I22: 자재PO | J22: 생산PO | K22: 생산 | L22: 품질 | M22: TRAY (CELL) | N22: Pack label | O22: BOX label | P22: QR | Q22: 출하
B23: OCA | C23: NITTO | D23: ● | E23: ● | F23: ● | G23: ● | H23: X | I23: ● | J23: ● | K23: ● | L23: ● | M23: ▲ | N23: ▲ | O23: ▲ | P23: - | Q23: X
B24: OCA | C24: SDI | D24: ● | E24: ● | F24: ● | G24: ● | H24: X | I24: ● | J24: ● | K24: ● | M24: 45058 | N24: 45058 | O24: 45058
B25: TAPE | C25: 타발
B26: SUS | C26: TAPE
B27: SUS | C27: 조립
B28: PL | C28: 기존라인 | P28: 1차TEST완료
B29: PL | C29: 자동라인
B30: DECO | C30: 삼성
B31: DECO | C31: OPPO
B32: PCPMMA | C32: 삼성
B33: PCPMMA | C33: OPPO
B34: 선합지 | C34: 일반등록
B35: 선합지 | C35: PLC
B36: 선합지 | C36: EDI

Sheet 현황
B2: ■ 전산관련 진행 현황
B3: 1. 전산관련 업무 내용 별 진척현황
B4: 구분 | C4: 총항목 | D4: 예정 | E4: 진행중 | F4: 완료 | G4: 진척율
B5: Flow | C5: =COUNTIF(세부내용!C:C,현황!$B5) -> 21 | D5: =COUNTIFS(세부내용!$C:$C,현황!$B5,세부내용!$D:$D,"X") -> 4 | E5: =COUNTIFS(세부내용!$C:$C,현황!$B5,세부내용!$D:$D,"△") -> 7 | F5: =COUNTIFS(세부내용!$C:$C,현황!$B5,세부내용!$D:$D,"O") -> 10 | G5: =+F5/C5 -> 0.47619048
B6: 개발 | C6: =COUNTIF(세부내용!C:C,현황!$B6) -> 30 | D6: =COUNTIFS(세부내용!$C:$C,현황!$B6,세부내용!$D:$D,"X") -> 5 | E6: =COUNTIFS(세부내용!$C:$C,현황!$B6,세부내용!$D:$D,"△") -> 11 | F6: =COUNTIFS(세부내용!$C:$C,현황!$B6,세부내용!$D:$D,"O") -> 14 | G6: =+F6/C6 -> 0.46666667
B7: 개선 | C7: =COUNTIF(세부내용!C:C,현황!$B7) -> 39 | D7: =COUNTIFS(세부내용!$C:$C,현황!$B7,세부내용!$D:$D,"X") -> 8 | E7: =COUNTIFS(세부내용!$C:$C,현황!$B7,세부내용!$D:$D,"△") -> 6 | F7: =COUNTIFS(세부내용!$C:$C,현황!$B7,세부내용!$D:$D,"O") -> 25 | G7: =+F7/C7 -> 0.64102564 | J7: `
B8: 합계 | C8: =SUM(C5:C7) -> 90 | D8: =SUM(D5:D7) -> 17 | E8: =SUM(E5:E7) -> 24 | F8: =SUM(F5:F7) -> 49 | G8: =+F8/C8 -> 0.54444444
B9: * 개발 / 개선 항목은 운영 진행간 추가 예상
B11: 2. 각 품목별 운영관련 예상일정
B12: 품목 | C12: 기준정보등록 | E12: 시범운영 | G12: 오픈운영 | I12: 비고
B13: OCA | C13: 3월 17일까지 | E13: 3월 20일 부터 | G13: 45059 | I13: 등록 진행 중 - 기존프로그램 버릴시 고객 "C' LOT 제출 예정
B14: PL | C14: 4월 7일까지 | E14: 4월10일 부터 | G14: 45059 | I14: 등록 진행 중
B15: TAPE | C15: 지속등록 중 | E15: 45049 | G15: 45078 | I15: 일부모델부터 진행(DOW)
B16: SUS/UB | C16: 4월 20일까지 | E16: 4월 17일부터 / 5월3일 재진행 | G16: 45096 | I16: 진행 예정
B17: DECO | C17: 45087 | E17: 4월 17일부터 / 5월3일 재진행 | G17: 45131 | I17: B5양산 적용 우선 진행 이후 순차 등록 진행
B18: PCPMMA | C18: 45087 | E18: 45078 | G18: 45108 | I18: - BOM / 라우팅 등록 예정
B19: 선합지 | C19: 45082 | E19: 45139 | G19: 45170 | I19: 개발에 따른 일정은 변경진행(7월까지 구축완료 / 8월 말까지 최종개선)
T20: ㄴ
B21: □ 각 부분별 적용 시점 재 확인
B22: 구분 | C22: 내용 | E22: 비고 | F22: 6월1주 | G22: 6월2주 | H22: 6월3주 | I22: 6월4주 | J22: 7월1주 | K22: 7월2주 | L22: 7월3주 | M22: 7월4주 | N22: 8월1주 | O22: 8월2주 | P22: 8월3주 | Q22: 8월4주 | R22: 8월5주 | S22: 9월1주 | T22: 9월2주 | U22: 9월3주 | V22: 9월4주 | W22: 10월1주 | X22: 10월2주 | Y22: 10월3주 | Z22: 10월4주
B23: QV | C23: CODE등록 | F23: 지속 등록 진행
C24: BOM등록 | F24: 신규OCA TAPE, | G24: 신규OCA TAPE,
C25: 라우팅등록 | F25: 신규OCA TAPE, | G25: 신규OCA TAPE, | N25: PWA TEST | S25: PWA 1차오픈
C26: 자품목투입설정 | F26: 신규OCA TAPE, | G26: 신규OCA TAPE, | H26: TAPE | I26: TAPE | J26: TAPE | N26: PWA TEST | S26: PWA 1차오픈
C27: 수주등록 | F27: 신규OCA TAPE, | G27: 신규OCA TAPE, | H27: TAPE | I27: TAPE | J27: TAPE | O27: PWA TEST | S27: PWA 1차오픈
C28: 출하의뢰등록 | F28: 신규OCA TAPE, | O28: PWA TEST | S28: PWA 1차오픈
C29: 제조오더등록 | F29: 신규OCA TAPE, | O29: PWA TEST | S29: PWA 1차오픈
C30: 재고일괄생성 | F30: 신규OCA TAPE, | N30: PWA TEST | S30: PWA 1차오픈
C31: 재고실사 | I31: 일부진행 | M31: PWA제외 전수진행
C32: 단독적용 | S32: PWA,PL제외 전용시작 | W32: 전수전용시작
B33: YP | C33: CODE등록 | F33: 지속 등록 예정
C34: BOM등록 | G34: UB, SUS | H34: PCPMMA | I34: PCPMMA | J34: PCPMMA | K34: DECO | L34: DECO | M34: DECO
C35: 라우팅등록 | G35: UB, SUS | H35: PCPMMA | I35: PCPMMA | J35: PCPMMA | K35: DECO | L35: DECO | M35: DECO
C36: 자품목투입설정 | G36: UB, SUS | H36: PCPMMA | I36: PCPMMA | J36: PCPMMA | K36: DECO | L36: DECO | M36: DECO
C37: 수주등록 | G37: UB, SUS | H37: PCPMMA | I37: PCPMMA | J37: PCPMMA | K37: DECO | L37: DECO | M37: DECO
C38: 출하의뢰등록 | H38: UB, SUS시작 | J38: PCPMMA시작 | M38: DECO시작
C39: 제조오더등록 | H39: UB, SUS시작 | J39: PCPMMA시작 | M39: DECO시작
C40: 재고일괄생성 | H40: UB, SUS | I40: PCPMMA | L40: DECO
C41: 재고실사 | I41: 일부진행 | M41: 일부진행 | S41: 전수진행
C42: 단독적용 | W42: 전수전용시작
B44: 3. 각 품목별 현재 진척 현황(23-06-17 기준)
B45: 품목 | C45: 구분 | D45: 채번 | E45: BOM | F45: 라우팅 | G45: 금형 | H45: 영업PO | I45: 자재PO | J45: 생산PO | K45: 생산 | L45: 품질 | M45: 라벨 | N45: 출하
B46: OCA | C46: 시범운영 | D46: ● | E46: ● | F46: ● | G46: ● | H46: - | I46: ● | J46: ● | K46: ● | L46: ● | M46: X | N46: X
C47: 정상운영 | D47: ● | E47: ● | F47: ● | G47: ● | H47: ● | I47: ● | J47: ● | K47: ● | L47: ▲ | M47: ● | N47: ▲
B48: PL | C48: 시범운영 | D48: ● | E48: ● | F48: ● | G48: - | H48: - | I48: ● | J48: ● | K48: ● | L48: ● | M48: X | N48: X
C49: 정상운영 | D49: ● | E49: ● | F49: ● | G49: - | H49: - | I49: ● | J49: ● | K49: ● | L49: ● | M49: ● | N49: ▲
B50: TAPE | C50: 시범운영 | D50: ▲ | E50: ▲ | F50: - | G50: - | H50: - | I50: - | J50: - | K50: - | L50: - | M50: - | N50: -
C51: 정상운영 | D51: ▲ | E51: ▲ | F51: ▲ | G51: - | I51: ▲ | J51: ▲ | K51: ▲ | M51: ▲
B52: SUS/UB | C52: 시범운영 | D52: ● | E52: ● | F52: ● | G52: ● | H52: - | I52: ● | J52: ● | K52: ▲
C53: 정상운영 | D53: ● | E53: ● | F53: ● | G53: - | H53: - | I53: ● | J53: ▲ | K53: ▲ | M53: ●
B54: DECO | C54: 시범운영 | D54: ● | E54: ● | F54: ● | G54: - | H54: - | I54: ● | J54: ● | M54: X | N54: X
C55: 정상운영 | D55: ▲ | E55: ▲ | F55: ▲ | G55: - | H55: - | I55: ▲ | J55: ▲ | K55: ▲ | L55: ▲ | M55: ▲
B56: PCPMMA | C56: 시범운영 | D56: ▲ | E56: ▲ | F56: - | G56: - | H56: - | I56: - | J56: - | K56: - | L56: - | M56: - | N56: -
C57: 정상운영 | D57: ▲ | E57: ▲ | F57: ▲ | G57: - | H57: - | I57: ▲ | J57: ▲ | K57: ▲ | M57: ▲ | N57: ▲
B58: 선합지 | C58: 시범운영
C59: 정상운영 | D59: ▲ | E59: ▲ | M59: ▲
B61: 4. 진행 간 문제점(별도PAGE 구성)
B62: No. | C62: 구분 | D62: 문제사항 | G62: 해결방안 | K62: 해결여부
B63: 1 | C63: 서버 | D63: 1. 간헐적 으로 실적 입력 간 자재 투입시 응답에러로 인한 자재 투입 진행 불가 경우 발생 (자재투입 불가로 인한 실적 등록 지장 발생) | G63: . 서버 망 공사 이후 모니터링 진행 예정 - 망공사로 인한 DB서버 접속 안정성 확보로 문제 해결 | K63: O (현재까지)
B64: 2 | C64: 채번오류 | D64: 1. 자재채번 오류로 인해 추가 등록 및 중복 등록 등으로 인한 bom구성시 혼선 2. 중복등록 인한 자재 입고시 혼선 3. 상기 사항으로 인한 실적 에러 발생 | G64: . Test DB활용하여 제품 채번 부터 BOM, 라우팅까지 신규 등록 진행 . 위 완료 후 본 서버 DB 삭제 후 업데이트 진행 (단 이전 생산이력은 삭제 됨) | K64: O (현재까지)
B65: 3 | C65: PDA | D65: PDA 프로그램 및 활용을 위한 PDA 부족 | G65: . QV, YP 필요 대수 확인 진행 및 구입 추진 진행 . 재고실사 + 입고 + 출하 등 활용처들을 위해 예비분까지 구매 진행(1차 10대 구매 진행 예정) . PDA 에뮬레이터를 통한 PDA 구동 진행 - PC or laptop 설치 | K65: O (현재까지)
B66: 4 | C66: 프로그램 설치오류 | D66: 컴퓨터 OS별 POP 프로그램 설치 문제 발생 | G66: . 업체에서 1차 해결 방법 확인 설치전 필수 프로그램(Framwork) 설치 배제 후 설치 진행 | K66: O (현재까지)
B67: 5 | C67: 일정 지연 | D67: 기 진행중인 개발항목 전체 일정 지연 진행 | G67: . 기존 착수 프로젝트 비용의 잔금 처리 문제로 전체 개발 항목 진행 보류 진행 (해당문제로 대부분 일정은 지연진행) . 추가 개발 필요건으로 인해 전체 적용까지는 시일 필요 | K67: -
B68: 6 | C68: 프로그램 설치불가 (POP 기준) | D68: NPI 구역 인터넷 사용불가로 설치 불가 (실적 취합을 위해서는 내부 IP사용 진행토록 변경) | G68: . POP에서도 ERP와 같은 IP 변경형태 목록 생성하여 진행 할 필요 있음 . 임시 개방하여 프로그램 설치 후 확인 진행 필요 | K68: O (현재까지)
B69: 7 | C69: 프로그램 사용불가 (PDA 기준) | D69: NPI 구역 인터넷 사용불가로 인해 WIFI 통신인 PDA 구동이 안될 것으로 예상 | G69: . 별도 내부 Wifi 망 구성하여 PDA 전용으로만 사용 진행 . 금주 내 별도 장치 구매 하여 wifi 구현 진행(사장님 확인 가능) | K69: O
B70: 8 | C70: PDA 접속자수 제한 | D70: PDA 접속자 수 관련 ERP와 맞물려 있어 제한적 사용 | G70: . 실 OPNE 운영 진행 시 문제가 될 것으로 예상 . 라인센스 관련 별도 관리 될 수있도록 요청 . 서비스 제공자에서 별도 관리 될 수 있도록 제공 예정 | K70: O (현재까지)
B71: 9 | C71: 라벨폰트문제 | D71: 현재 운영체제?에 따른 라벨폰트 상이하게 나타나 인쇄 문제 발생 | G71: . 최신 운영체제를 운영할 수있는 PC추가 확보 진행 . 이 외 구형 OS에서도 정상적으로 출력 가능한지 확인 진행 . 운영체제 보편사용 가능 폰트 최적화 사용진행 | K71: O (지속확인)
B72: 10 | C72: 슬리팅 | D72: 1, 소요량 설정문제(기존 loss포함하여 소요량산정) 2. 1MR 다중 폭 CR 같은 분권 진행 PO등록시문제 3. 전폭 중 일부 폭만 사용 후 남은자재의 폭확인필요 | G72: . Sliting po부분에 대핸 별도 시스템 구축이 필요한 상황 . 전폭이 변경된 자재에 대해서는 자재code도 변경이 필요함 . MR기준 다중 CR PO등록 할 수있도록 변경 필요 | K72: X 업체내용확인 예정
B73: 11 | C73: 선합지 | D73: 1. 기존 이야기된 프로세스 문제점 수정필요 - 재고 반영 부분(사급자재별도 조회화면) - 재 포장 프로세스 정립필요 - 재검 양품수량 반영 방법 | G73: . 1차 내부 미팅 이후 프로세스 방향 내용 전달 . 기존 포함 내용의 공수 외 추가되는 부분에 처리방향 확인 필요 . 재고DATA 출력 화면 정리하여 전달 예정 . 재작업관련 업무 진행과 동시에 추가 수정사항 반영 예정 | K73: △ (1차 내용전달)
B74: 12 | C74: 실적 등록오류 | D74: 1. 실적 등록시 현장에서 알 수없는 에러로 실적등록 불가 | G74: . 실적 등록진행 간 서버 드랍 문제있는지 확인필요 . I/F 간 프로그램 문제 있는지 확인 진행 . 인터넷 드랍여부 확인 진행 | K74: △ (원인 파악 진행중)
... B77: 15 | C77: 자재소진 I/F 관련 | D77: 1. MES / ERP 간 자재 투입 I/F 타임 존재로 인하여 이 부분이으로 인해 추가 버버타임 발생 시 재고가 이중으로 소진처리될 수 있음. | G77: . 임시 재고 테이블에 I/F DATA 선 반영하여 예상재고 표시 . MES / ERP 어느 TABLE에서 진행 가능한지 확인 필요 | K77: △ (1차 도입안 확인 진행방안)
B79: 5. 진행 업무 현황
B80: NO. | C80: 대분류 | D80: 내용 | E80: 구분 | F80: 소분류 | J80: 완료여부 | K80: 완료 예정일자 | L80: 비고
B81: 1 | C81: Nitto | D81: 금형관련 | E81: 금형인터락 | F81: OCA 전모델관리 | J81: ● | K81: 완료 | L81: 1. 5/12 고객(Nitto) 점검 방문예정 1) 신규전산 적용현황 점검 2) 요청사항 적용여부 확인 2. 금형체계 변경에 따른 업무 1) 체계내용 적용 2) 기 등록 금형 code 변경 3) 기 등록 금형 이력 변경 3. 고객 OQC에 대한 이력관리 - OQC 이력관리 - OQC 제품 재포장 검증 Procees
E82: 금형코드변경 | F82: 금형체계반영 | J82: ● | K82: 45057
F83: 기 등록 금형 코드변경 | J83: ● | K83: 45057
E84: 포장 | F84: 고객 OQC 이후 재포장 Process 추가 | J84: △ | K84: 45094
E85: 포장이력 | F85: 라벨발생 상세 이력 화면 | J85: ● | K85: 45090
B86: 2 | C86: B5 | D86: 양산 진행관련 | E86: Label | F86: 별도 Cell 라벨 | J86: ● | K86: 45059 | L86: 1. 해당 고객 정용 cell label 개발진행 - 해당 라벨 IC와 1:1 매칭을 위해 중복 방지 필요 2. 5월 19일 경 초도 생산 예상
E87: 사전점검 | F87: 양산 신규전산활용에 따른 사전점검 진행 | J87: ● | K87: 45057
B88: 3 | C88: OPPO | D88: 마킹 및 Cell 매칭 | E88: Cell마킹 | F88: 마킹 프로그램 개조 | J88: ● | K88: 45055 | L88: 1. 고객요청에 의한 내부 DM마킹적용 - OPPO DECO, PCPMMA통일적용 2. DM+조립라벨 매칭작업필요 - 수동매칭 파일 업로드+SHEET구현 3. 마킹프로그램 차주 TEST진행 예정 - 총 1,570만원 발생 예정 - 프로그램 수동 견적 200만원 / 연동관련 1,000만원 - 마킹기 수리에 대한 견적 포함 진행 370만원
F89: 마킹자료(Sheet QR까지 자동구현) + 중복체크 | J89: ● | K89: 45059
E90: 라벨 | F90: 조립라벨 + UPN라벨 구현 | J90: ● | K90: 45070
B91: 4 | C91: 출하 | D91: 포장 | E91: 박스포장 | F91: 박스포장 연속 작업간 라벨 자동발행 | J91: X | K91: - | L91: 업무편의 향상을 위함
B92: 5 | C92: UB FILM | D92: 유효기간 | E92: 원단 | F92: 원단 유효기간으로 공정 인터락 및 알람기능 추가 라벨유효일자 변경 | J92: △ | K92: 현재 보류중 (고객사 확인중) | L92: 1. 원단 생산일자 기준으로 전체 출하 관리 진행 필요 2. 업체별 개발 견적금액 비교
L93: 구분 | M93: 예상금액 | O93: 기간
L94: 조은 인포텍 | M94: 1800만원 | O94: 2~2.5개월
L95: 비젠트로 | M95: 2500~ 3000만원 | O95: 1.5~2개월
B96: 6 | C96: QR | D96: 마킹 | E96: 프로그램 | F96: 연동프로그램(KIT) | J96: ● | K96: 45050 | L96: 1. 1차 연동 및 기본 프로그램 구동 확인 2. 기본외 프로그램 구동 가능기능 확인 필요 3. 재 마킹 관련 작동 프로세스 재 확인 필요 4. 마킹기 2종으로 각각 연동 작업 진행 예정 5. 마킹기 신규전산 미 설치되는 문제 해결 예정
F97: 연동프로그램(메크로머신) | J97: X | K97: 7월 중 완료 예상
F98: 세부 운영프로그램 | J98: △ | K98: 45107
B99: 7 | C99: 선합지 | D99: 양산 진행관련 | E99: EDI/ 다이렉트통신 | F99: 고객요청 생산간 자료 전송진행(UTG자재/설비 구동값) (고객내부 요청자료 재 취합 중) | J99: △ | K99: 1차6월말 2차7월말 | L99: 1. 고객 서버 연동을 위한 토큰 발행 요청 진행 중 - 본사 팔로업 중이지만 현제 업무 지체 중
E100: NPI | F100: NPI 구역 설비 전산등록용 프로그램 설치 | J100: ● | K100: 5월말 | L100: 2. 마킹기등 설비 컴퓨터에 실적 등록용 POP프로그램 설치 진행
E102: 기본프로그램 | F102: 실적 사전TEST | J102: X | K102: 7월초 | L102: 3. 업무 개발을 위한 최종 계약 체결 진행
F104: 기본 운영 프로세스를 위한 전산프로그램 | J104: △ | K104: 1차7월말 2차8월말
L105: 구분 | M105: 견적 | O105: 개발기간
E106: PLC | F106: 설비 및 프로그램간 연동작업 (연동TEST 6월 중 스케줄 수립예정) | J106: △ | K106: 1차7월말 2차8월말 | L106: 내용 | M106: (KRW) - 7,230만원 (VND) - 13억 동 | O106: 1. Total 5M/M 중 2.5M/M 사용 - 8월 말까지 최종완료 예상 2. 추가 비용 발생 예상
B108: 8 | C108: AOI | D108: 연동 | E108: 프로그램 | F108: 진행프로세스 정립 | J108: △ | K108: 8월 3주 이전 | L108: 1. 1차 연동 정보 관련 내용 수립 완료 - CTQ, EDI 항목은 현재 고객 요청없음 2. 초기 DATA 확보 및 신뢰도 향상을 위한 불량 세부 DATA 전산연동 예정 3. NPI -> 외부(자사서버) 연동 관련 이미지파일 불가 통보 접수 - 해당 문제 해결을 위해 고객 재 문의 진행 예정 - SDV 안될 경우 SDC 통해서 확인 진행 예정
F109: 연동 프로그램 | J109: X | K109: 8월 3주 이전
F110: 조회 프로그램 (결과 이력 / 불량 상세이력) | J110: X | K110: 8월 3주 이전
...

Sheet -
B2: ■ 진행간 각 문제점요약
B3: No. | C3: 부서 | D3: 주제 | E3: 내용 | N3: 업무 진행 방향 | W3: 해결 여부
B4: 1 | C4: 구매 | D4: 발주 | E4: . 구매 발주 진행시 다중 발주가 안되어 제품군별 개별 발주 및 업체별 개별 발주 진행 해야함 -> 개별 각 제품군별 등록 인한 업무 지연 | N4: 1. 다중업체 /다중제품군/다중품목의 발주 진행하는 화면 개발예정 1) 일괄 다중 등록인한 오 등록 부분은 프로세스 수립 필요 2) 화면 구상은 완료 | W4: 1. 내부 미팅 후 업체 미팅예정
B5: 2 | C5: 구매 | D5: 입고 | E5: . 입고시 개별 lot별 입고하는데 업무시간 지연 발생 -> 개별 LOT별 한건 한건 등록 진행 중인 상황 -> 임시대책으로 통 입고 후 Lot분배 진행 예정 | N5: 1. 오더 內 Lot별 분할입고, 다중품목 입고를 지원 할 수있도록 화면 개발 예정 1) 화면 구상은 완료 | W5: 1. 내부 미팅 후 업체 미팅예정
B6: 3 | C6: 구매 | D6: 입고 | E6: . BL발주 입고에 대한 입고시 대응 방안수립필요 -> BL입고시 입고 품목이 상이하는경우 발생(1000폭 요청 500폭입고시) -> 다중 BL 입고시 | N6: 1. BL관련 상황별 및 필요 화면 접수예정 1) 추가 예상되어지는 여러 상황에 대한 list 접수 개선방향 접수하여 개발방향 수립 예정 2) 문제사항에 대한 해결법 구상 | W6: 1. 내부 미팅 후 업체 미팅예정
B7: 4 | C7: 구매 | D7: 슬리팅 | E7: . 슬리팅 오더시 여러 상황에 대한 대응이 어려움 -> 각 CR폭별 슬리팅PO수립시 조합의 어려움 (CR조합시 슬리팅시 PO개별 등록 및 관리로 인한 번거로움) -> MR전체 소진이 아닌 일부 폭 슬리팅시 추가 계산의 어려움 (1000폭 중 500폭만 슬리팅 후 잔여 폭에 대한 품목 변황이 필요함) | N7: 1. 슬리팅 관련 화면 별도 구성 1) 슬리팅 발주시 MR기준 다중오더 구성 2) 일부 폭 슬리팅시 MR 품목 변환 기능 가능여부 확인필요 3) CR품목에 대한 코드 자동생성 기능 추가 가능여부 타진 | W7: 1. 내부 미팅 후 업체 미팅예정
B8: 5 | C8: 전체 | D8: 재고조사 | E8: . 일부공정 수기 조사 및 엑셀 파일 정리진행 -> 일부 생산 / 제품창고 외 수기=전산 비교 진행 | N8: 1. 전체 전산 재고화 및 재고관리가능여부 체크 필요 1) 수불에대한 관리 기준 변경으로 확인 필요. 2) 관리도 수준 기준\ 필요 | W8: 1. 내부 미팅 후 업체 미팅예정
B9: 6 | C9: 전체 | D9: 소요량 | E9: . 투입 Lot 기준의 소요량 계산으로 인해 후공정 자재 추가 loss발생 예정 -> 과투입처리로 인한 재고 수량 상이 발생 에상 -> 현재 초 공정 기준으로 투입 수량 계산 되어짐 | N9: 1. 각 공정별 진행 수량으로 계산 되어 질 수있는지 확인 필요 1) I/F 진행 시 ERP / MES 모두 확인 필요 2) 공정별 계산으로 인한 ERP 오류 발생 예상상황 확인 진행 | W9: 1. 내부 개선 작업 진행 에정
B10: 7 | C10: 전체 | D10: 소요량 | E10: . 소요량 계산 소수점 단위 관리에 대한 방안 필요 -> 현재 소수점 6자리까지만 관리 진행 (그 이상되는 경우 관리단위 변경하여 대응 진행) -> I/F간 오류를 막기위해 소수점 4자리 반올림하여 진행 | N10: 1. 관리 되는 소수점 단위 변경 가능여부 타진 중 1) 소모량 적은자재의 관리여부 확인 필요 - 추후 일괄 투입 or 미관리 처리 등의 다른 프로세스 진행 여부 확인 필요 2) 관리되어야 하는 소수점 단위 설정 필요 | W10: 1. 업체 미팅예쩡
B11: 8 | C11: 생산/품질 | D11: 인수인계 | E11: . 현재 인수 인계 미 활성화 중 -> 각 공정운영에 초점에 맞춰 현재는 실적 등록 위주로 작업 진행 중 . 출하검사 이후 PACK 제품창고 인수인계 관련 내용 정리 필요 -> 이 부분은 필수 적으로 적용 진행 필요(재고실사 진행을 위함) | N11: 1. 인수인계 진행 품목 설정 필요(전체품목 활성화 필요 예상) 1) 품목별 설정 기능있으며 전체 활성화로 재고 공정별 확인 및 누락 lot추적성 증대필요 2) 재고 확인의 용이함 3) 공정재고실사 기능 활성화를 위함 2. 기능은 구현 진행 완료 - 사용에 대한 의견 수립필요 | W11: 1. 내부 개선 작업 및 적용 TEST진행예정
B12: 9 | C12: YP,QV | D12: 인프라 및 관리도 | E12: . 전산 필수 항목으로 인식이 안되어 있어 접목에 어려움이 있음 - (2중 등록 상황) . 다중 설비 및 자재 투입 등으로 관리진행시 추가 인프라 구축이 필요함 | N12: 1. 관리 수준의 설정 필요 1) 관리수준에 따른 추가 인프라 구축 범위 설정진행 예정 2) 구축현황에 대한 내용은 정리 진행 중 2. 활성화 운영을 위한 필요사항 추가 체크 1) 전산 실적등록자 별도 운영여부 2) 자재관리 관련 공정별 필요여부 - 실재고 체크 및 정리 진행 인력 확인 진행 3) 전산 등록을 위한 방향 수립 필요 | W12: -
B13: 10 | C13: - | D13: 선합지 | E13: . 기 공유 된 계획대비 일정 지연(2차공유 - 6월 / 현재 기준 - 9월 사용예상) -> 기존 프로세스 방향에 대한 내용 확인 미진하여 재 수립 진행 -> 추가 화면 및 내용으로 개발 기간 연장 -> 고객 토큰 발행 지연으로 인해 연동 내용 확인 지연 | N13: 1. 개발인력 추가 투입을 통한 일정 단축 가능여부 확인 2. 고객 토큰 발행 일정 재확인 필요(현재 기준 6월 중 답변 접수 예정) 3. 조회 화면은 자체 개발 가능 항목 별도 설정 하여 일정 단축 진행 4. 일부 기능 활성화시 선 진행을 통한 문제점 사전 파악 진행
B14: 11 | C14: 전산 | D14: I/F | E14: . 실적 I/F 관련 잦은 오류 발생으로 인해 근본적인 해결 방안 수립 필요 . I/F TIME 지연으로 인한 재고 오류 발생 | N14: 1. ERP / MES간 재고 처리에 대한 별도 table or 계산 table 방안 확인진행 1) I/F 지연 TIME으로 인한 오 투입 가능여부 제어 필요 - 일부 개선 진행 2) I/F 줄일 수있는 방법 확인 진행 2. I/F 진행 전 별도 확인 가능한 방법 확인(각 DB별 사전 확인 방법)
B15: 12 | C15: - | D15: AOI 관련 | E15: . NPI 구역기준 외부로 이미지 파일 이동 안되는 것으로 1차 확인 . 전체 일정 지연으로 전산연동 관련 일정도 연기 | N15: 1. SDV, SDC NPI 관련 담당다 통한 2차 확인 진행 - 국내 영업팀 통한 추가 확인 진행 2. 자체 TEST 기간 동안 업체 S/W 인력들을 통한 자투리 작업 우선 진행하여 일부 일정 단축 진행 추진

Sheet 세부내용
A1: 2
B2: ■ 신규 ERP / ME전산 운영을 위한 일정
B3: 1. 진행 예정 세부사항
B4: No. | C4: 대분류 | D4: 완료여부 | E4: 부서 | F4: 내용 | G4: 구분 | H4: 상세내용 | U4: 우선순위 | V4: 일정일자 및 완료일자 | W4: 일정
W5: 3월3주 | X5: 3월4주 | Y5: 3월5주 | Z5: 4월1주 | AA5: 4월2주 | AB5: 4월3주 | AC5: 4월4주 | AD5: 5월1주 | AE5: 5월2주 | AF5: 5월3주 | AG5: 5월4주 | AH5: 5월5주 | AI5: 6월1주 | AJ5: 6월2주 | AK5: 6월3주 | AL5: 6월4주 | AM5: 7월1주 | AN5: 7월2주 | AO5: 7월3주 | AP5: 7월4주 | AQ5: 7월5주 | AR5: 8월1주 | AS5: 8월2주 | AT5: 8월3주 | AU5: 8월4주 | AV5: 9월1주 | AW5: 9월2주 | AX5: 9월3주 | AY5: 9월4주 | AZ5: 10월1주 | BA5: 10월2주 | BB5: 10월3주 | BC5: 10월4주 | BD5: 10월4주
B6: 1 | C6: FLOW | D6: O | E6: 생산 | F6: 사전점검 | H6: 국내향 모델로 사전점검 진행(SDI향 CODE ~ PACK 라벨 발행까지) | V6: 완료
B7: =+B6+1 -> 2 | C7: FLOW | D7: O | E7: 생산 | F7: 모델선정 | H7: 전산 TEST 가동 예정 모델 선정 진행(생산팀 결정 필요) - 모델 NITTO 2종 선정 진행 | V7: 완료
B8: =+B7+1 -> 3 | C8: FLOW | D8: O | E8: 개발 | F8: OCA | G8: ERP | H8: 선정된 모델의 BOM 등록진행 | V8: 3/17~3/23 | X8: 교육및 등록완료
B9: =+B8+1 -> 4 | C9: FLOW | D9: O | E9: 생산 | F9: OCA | G9: ERP | H9: 라우팅 구성 및 자품목 투입 설정 진행 | V9: 3/17~3/23 | X9: 교육및 등록완료
B10: =+B9+1 -> 5 | C10: FLOW | D10: O | E10: 구매 | F10: OCA | G10: ERP | H10: 전산 자재 발주 및 입고 등록 진행(시범운영) | V10: 3/27~ | X10: 교육완료-입고진행 | Y10: 입고진행
B11: =+B10+1 -> 6 | C11: FLOW | D11: O | E11: 생산 | F11: OCA | G11: ERP | H11: 선 진행 모델 투입 및 생산 실적 등록 진행(시범운영) | V11: 3/27~ | X11: 교육완료-입고진행
B12: =+B11+1 -> 7 | C12: 개발 | D12: O | E12: 생산 | F12: 금형관련 | G12: MES | H12: 금형 모델별 지정사용 진행 (해당 모델에는 지정 모델의 칼 금형만 사용 가능) | V12: 45021 | W12: 개발 중 | X12: 개발 중 | Y12: 개발 중 | Z12: 적용시작
B13: =+B12+1 -> 8 | C13: 개선 | D13: O | E13: 생산 | F13: 금형관련 | G13: ERP | H13: 금형 LOT 라벨 관리 확인 - (금형 라벨 발행 및 관리내역) - 최종 라벨사양은 추가 업데이트 예정 | V13: 45041 | AA13: 개발 중 | AB13: 개발 중 | AC13: 적용
B14: =+B13+1 -> 9 | C14: 개선 | D14: O | E14: 생산 | F14: 금형관련 | G14: MES | H14: 샘플 / 양산 금형 구분 관리 기능 추가 - PINACLE 에 대해서 별도 코드화 하여 진행 | V14: 45016
B15: =+B14+1 -> 10 | C15: 개발 | D15: O | E15: 품질 | F15: 라벨 | G15: ERP/MES | H15: 선 진행 예정모델 기준 라벨 우선 개발 진행(NITTO 우선진행) | V15: 45046 | AA15: 개발진행 | AB15: 개발진행 | AC15: 개발진행 | AD15: 적용
B16: =+B15+1 -> 11 | C16: 개선 | D16: O | E16: 생산 | F16: 실적 | G16: POP | H16: 해당공정 위치로 커서 위치 될 수있도록 | V16: 45016
B17: =+B16+1 -> 12 | C17: 개발 | D17: O | E17: 품질 | F17: 라벨 | G17: MES | H17: 중라벨 관련 개발 필요(nitto 향) - 잔금문제로 인한 일정 delay | V17: 45042
B18: =+B17+1 -> 13 | C18: FLOW | D18: O | E18: 품질 | F18: OCA | G18: ERP/MES | H18: 실적 등록 및 라벨 발행 등록 진행(시범운영) | V18: 실적-3/28, 라벨-4/17 | Y18: 실적등록 | Z18: 실적등록 | AA18: 실적등록 | AB18: 실적등록/ 라벨발행
B19: =+B18+1 -> 14 | C19: FLOW | D19: O | E19: 공통 | F19: PL | G19: ERP/MES | H19: 시범운영(기초 정보 입력 / 모델선정 - 마킹 제외) | V19: 4/5~ | Y19: 준비 | Z19: 등록진행 | AA19: 등록진행 | AB19: 등록진행
B20: =+B19+1 -> 15 | C20: 개발 | D20: O | E20: 구매 | F20: 발주 | G20: ERP | H20: 발주 입력시 Roll 수량 및 m기입시 초량 반영 및 sqm 표시 | U20: 1 | V20: 45029 | X20: 개발중 | Y20: 개발중 | Z20: 개발중 | AA20: 적용
B21: =+B20+1 -> 16 | C21: 개발 | D21: O | E21: 구매 | F21: 발주서 | G21: ERP | H21: 발주서 상 ROLL 및 SQM 표기 진행 필요 - 요청 화면은 정리 진행 | V21: 45029 | X21: 개발중 | Y21: 개발중 | Z21: 개발중 | AA21: 적용
B22: =+B21+1 -> 17 | C22: 개발 | D22: X | E22: 구매 | F22: 입고 | G22: ERP | H22: 한건 발주 다중입고 진행시 입고편의 기능 추가 필요 | V22: 7월 중 | AJ22: 내용정리 | AK22: 내부미팅 | AL22: 업체미팅/방향설정 | AM22: 개발 | AN22: 개발 | AO22: 개발 | AP22: 적용
B23: =+B22+1 -> 18 | C23: 개선 | D23: X | E23: 구매 | F23: 기준정보 | G23: ERP | H23: 구매 최소수량 단위 기입내용 활용 범위 확인 및 적용 필요 | U23: 1 | V23: 7월 중 | AJ23: 내용정리 | AK23: 내부미팅 | AL23: 업체미팅/방향설정 | AM23: 개발 | AN23: 개발 | AO23: 개발 | AP23: 적용
B24: =+B23+1 -> 19 | C24: 개선 | D24: X | E24: 구매 | F24: 구매요청 | G24: ERP | H24: 구매요청사항에 대해 업체 배분완료시 조회 화면에서 제외 및 별도 표기 필요(MRP 사용시) | V24: 7월 중 | AJ24: 내용정리 | AK24: 내부미팅 | AL24: 업체미팅/방향설정 | AM24: 개발 | AN24: 개발 | AO24: 개발 | AP24: 적용
B25: =+B24+1 -> 20 | C25: 개발 | D25: △ | E25: 생산 | F25: 선합지 | G25: MES | H25: PLC관련 연동 확인 | V25: 7월 2주차 | AG25: 연동개발 | AH25: 연동개발 | AI25: 연동개발 | AJ25: 연동개발 | AK25: 개발/간이 TEST | AL25: 28일실연동TEST | AM25: 연동TEST | AN25: 연동TEST
B26: =+B25+1 -> 21 | C26: 개선 | D26: △ | E26: 영업 | F26: 출하 | G26: ERP | H26: 다중 PACK 출하 진행 관련 편의성 향상 - 라벨 완 박스 진행시 자동 라벨 발행 및 포장 단위변경 가능 여부 | U26: 1 | V26: 6월 말 | AK26: 개발 | AL26: 적용
B27: =+B26+1 -> 22 | C27: 개선 | D27: O | E27: 개발 | F27: BOM | G27: ERP | H27: BOM 등록시 BOM의 개취수 확인용 열 추가 진행(개별 수량 입력 후 해당 단위별 개취수 확인진행) | V27: 45023 | Z27: 개발진행 | AA27: 개발진행 | AB27: 적용
B28: =+B27+1 -> 23 | C28: 개선 | D28: O | E28: 영업 | F28: PDA | G28: PDA | H28: 출하 작업시 커서 포인트 위치 고정(연속 등록 작업시) - PDA 조정 | V28: 45056 | AC28: 개발 | AD28: 적용TEST
B29: =+B28+1 -> 24 | C29: FLOW | D29: O | E29: 공통 | F29: DECO, PCPMMA | G29: ERP/MES | H29: 시범운영(기초 정보 입력 / 모델선정 - 마킹 제외) | V29: 45049 | AA29: 준비 | AB29: 등록진행 | AC29: 서비리부트 재준비 | AD29: 등록진행
B30: =+B29+1 -> 25 | C30: FLOW | D30: O | E30: 공통 | F30: SUS | G30: ERP/MES | H30: 시범운영(기초 정보 입력 / 모델선정) | V30: 4월 10일 부터 | AA30: 준비 | AB30: 등록진행 | AC30: 서비리부트 재준비 | AD30: 등록진행
B31: =+B30+1 -> 26 | C31: 개발 | D31: △ | E31: 품질 | F31: 라벨 | G31: ERP/MES | H31: 고객사별 및 모델 라벨 타입 개발 진행 | V31: 45076 | AC31: 개발 | AD31: 개발 | AE31: 개발 | AF31: 개발 | AG31: 개발 | AH31: 개발 | AI31: 개발 | AK31: 개발
B32: =+B31+1 -> 27 | C32: 개발 | D32: △ | E32: 생산 | F32: 선합지 | G32: ERP/MES | H32: 라벨관련 | V32: 7월이전 확보진행 | AL32: 개발
B33: =+B32+1 -> 28 | C33: 개발 | D33: X | E33: 구매 | F33: BL입고 | G33: ERP | H33: BL입고시 다중 PO건에 대해 조회 및 선택 가능하도록 추가로 입고시 변경되는 품목코드에 대해 반영 필요 (필요 그림은 접수 예정) | V33: 7월 1주차 | AK33: 요청그림접수 | AL33: 업체미팅 | AM33: 개발 | AN33: 개발 | AO33: 적용
B34: =+B33+1 -> 29 | C34: 개발 | D34: △ | E34: 품질 | F34: 마킹 | G34: MES | H34: 폴더블용 마킹프로그램 | V34: 차주 중 | W34: SP개발중 | X34: SP개발완료및TEST 견적 접수 요청 | Y34: SP개발완료및TEST 견적 접수 요청 | Z34: 프로그램개발 | AA34: 프로그램개발 | AB34: 프로그램개발 | AC34: 프로그램 1차배포 | AD34: 문제점확인 | AE34: 추가보완 | AF34: 추가보완 | AH34: 추가보완 | AK34: 추가보완 | AL34: 추가보완
B35: =+B34+1 -> 30 | C35: 개발 | D35: O | E35: 품질 | F35: 마킹 | G35: MES | H35: 마킹장비 연동 TEST | V35: 45071 | AE35: 연동TEST | AF35: 연동TEST | AG35: 연동TEST
B36: =+B35+1 -> 31 | C36: 개발 | D36: O | E36: 품질 | F36: 마킹 | G36: MES | H36: DECO DM마킹용 프로그램 | V36: 수동만반영
B37: =+B36+1 -> 32 | C37: 개발 | D37: △ | E37: 생산 | F37: 선합지 | G37: MES | H37: POP프로그램 | V37: 7월말목표 8월 수정완료 | AI37: 수검 | AJ37: 전수검사 | AK37: Autoclave | AL37: 전수검사 | AM37: 반품관련 | AN37: 리웍관련 | AO37: SIQC관련 | AP37: 재포장관련 | AQ37: FULL TEST | AR37: 기능보완 | AS37: 기능보완
B38: =+B37+1 -> 33 | C38: 개발 | D38: △ | E38: 생산 | F38: 선합지 | G38: MES | H38: EDI 관련 확인 | V38: 토큰 미 발행으로 확인필요 | AI38: EDI 환경구축 | AJ38: EDI 환경구축 | AK38: EDI 환경구축 | AL38: EDI 환경구축 | AM38: 연동TEST | AN38: 연동TEST | AO38: 연동TEST | AP38: 연동TEST | AQ38: 연동TEST
B39: =+B38+1 -> 34 | C39: 개선 | D39: △ | E39: 공통 | F39: 레이블 | G39: ERP/MES | H39: 언어 싱크(베트남어 레이블) | V39: 5/3~(지속진행)
B40: =+B39+1 -> 35 | C40: FLOW | D40: △ | E40: 공통 | F40: - | G40: ERP/MES | H40: OCA 오픈운영 | V40: 45049 | AB40: 준비 | AC40: 준비 | AD40: 운영진행
B41: =+B40+1 -> 36 | C41: FLOW | D41: △ | E41: 공통 | F41: PL | G41: ERP/MES | H41: 오픈운영 | V41: 45096 | AI41: 준비 | AJ41: 준비 | AK41: 1처 오픈진행 | AL41: 추가개선확인 | AM41: 개선작업
B42: =+B41+1 -> 37 | C42: FLOW | D42: △ | E42: 공통 | F42: SUS | G42: ERP/MES | H42: 오픈운영 | V42: 45096 | AI42: 준비 | AJ42: 준비 | AK42: 1처 오픈진행 | AL42: 추가개선확인 | AM42: 개선작업
B43: =+B42+1 -> 38 | C43: FLOW | D43: X | E43: 공통 | F43: 선합지 | G43: ERP/MES | H43: 시범운영(기초 정보 입력 / 모델선정) | V43: 8월 초 진행 | AR43: TSST운영 | AS43: 문제점확인 | AT43: 개선진행 | AU43: 개선진행
B44: =+B43+1 -> 39 | C44: FLOW | D44: △ | E44: 공통 | F44: PCPMMA | G44: ERP/MES | H44: 오픈운영 | V44: 7/3 목표 | AM44: 1처 오픈진행 | AN44: 추가개선확인 | AO44: 개선작업
B45: 40 | C45: FLOW | D45: △ | E45: 공통 | F45: DECO | G45: ERP/MES | H45: 오픈운영 | V45: 7/24 목표 | AP45: 1처 오픈진행 | AQ45: 추가개선확인 | AR45: 개선작업
B46: =+B44+1 -> 40 | C46: FLOW | D46: △ | E46: 공통 | F46: TAPE | G46: ERP/MES | H46: 오픈운영 | V46: 6월 1일부터 | AH46: BOM | AI46: BOM | AJ46: 일부분 진행 | AK46: 일부분 진행 | AL46: 일부분 진행 | AM46: 일부분 진행 | AN46: 일부분 진행
B47: =+B46+1 -> 41 | C47: FLOW | D47: X | E47: 공통 | F47: 선합지 | G47: ERP/MES | H47: 오픈운영 | V47: 9월 진행 | AV47: 1처 오픈진행 | AW47: 1처 오픈진행 | AX47: 1처 오픈진행 | AY47: 최종개선 | AZ47: 전용시작
B48: =+B47+1 -> 42 | C48: 개선 | D48: △ | E48: 공통 | F48: 재고실사 | G48: ERP | H48: 전체 재고 확인을 위한 재고 검토 진행 (다량의 재고 실사 진행시 문제점 도출) | V48: 지속 확인 진행 | Y48: 현실사 진행 사항 점검 | AC48: OCA병행실사 진행문재점도출 | AH48: QV재고실사 | AJ48: 문제점정리 | AK48: 개선점확인 | AL48: QV,YP 재고실사
B49: =+B48+1 -> 43 | C49: 개발 | D49: X | E49: 구매 | F49: 발주 | G49: ERP | H49: 일괄 발주(MULTI 발주) 관련 등록의 건 | V49: 업체미팅 후 수립예정 | AK49: 내부미팅 | AL49: 업체미팅/방향설정 | AM49: 개발 | AN49: 개발 | AO49: 개발 | AP49: 적용
B50: =+B49+1 -> 44 | C50: 개선 | D50: X | E50: 공통 | F50: 조회 | G50: MES | H50: 조회화면에서 LIKE 부분 추가 확인 | V50: 확인 필요
B51: =+B50+1 -> 45 | C51: 개발 | D51: O | E51: 공통 | F51: 라벨 | G51: MES | H51: PACK 라벨 및 부수적인 라벨 발행 이력 조회 화면 추가 | U51: 2 | V51: 45066 | AD51: 개발 | AE51: 개발 | AF51: 적용
B52: =+B51+1 -> 46 | C52: 개선 | D52: X | E52: 공통 | F52: 라벨 | G52: ERP | H52: 기본 지정 박스 포장단위 수량 외 규격으로 포장 조정 가능불가 -> 변경가능으로 조정 (다중 고객사 제품 처리를 위함) | V52: 협의필요
B53: =+B52+1 -> 47 | C53: 개선 | D53: X | E53: 공통 | F53: 라벨 | G53: MES | H53: PACK 라벨 지정 라벨 관련 (다중 고객사 처리를 위함) | V53: 협의필요
B54: =+B53+1 -> 48 | C54: 개선 | D54: X | E54: 공통 | F54: 출하 | G54: ERP | H54: 출하 packing list 관련 조회 화면 오류 수정 - MES구현 가능 여부확인 | U54: 4 | V54: 협의필요
B55: =+B54+1 -> 49 | C55: 개선 | D55: O | E55: 공통 | F55: 조회화면 | G55: MES | H55: 수불부 조회 화면상 표기 내용 확인 필요 | V55: 45047 | AC55: 개발 | AD55: 개발
B56: =+B55+1 -> 50 | C56: 개발 | D56: O | E56: 공통 | F56: 마킹 | G56: MES | H56: 메크로 머신 마킹기 S/N 관련 - 마킹 변경 체계 작업 불가로 프로그램 개조 진행 필요 | V56: 45056 | AB56: 미팅진행 | AC56: 개발진행 | AD56: 개발진행 | AE56: 적용
B57: =+B56+1 -> 51 | C57: 개선 | D57: O | E57: 공통 | F57: 슬리팅 | G57: MES | H57: 같은 LOT일때 품번이 다른경우나 폭이 다른경우도 같이 조회 진행 - 다중 호기 작업 진행시 문제 소지 있음 | U57: 3 | V57: 45022 | Y57: 개발진행 | Z57: 적용완료
B58: =+B57+1 -> 52 | C58: 개선 | D58: O | E58: 공통 | F58: 자재요청 | G58: ERP | H58: ERP 자재요청시 BOM으로 전개 진행시 REV에 따른 변경 안됨 | V58: 45036 | AB58: 적용
B59: =+B58+1 -> 53 | C59: 개선 | D59: O | E59: 구매 | F59: 자재요청 | G59: ERP | H59: ERP 자재요청으로 처리시 NG발생 자재 수동으로 자재 이동진행 시 정상 진행 됨 | V59: 7월 1주차 | AB59: 일부 개선 | AC59: 적용
B60: =+B59+1 -> 54 | C60: 개선 | D60: △ | E60: 구매 | F60: 구매입고 | G60: ERP | H60: 자재 정상 구매입고 진행시 유효기간에 대해 자재 설정값 지정반영 토톡 요청 | V60: 7월 1주차 | AK60: 개발 | AL60: 개발 | AM60: 적용
B61: =+B60+1 -> 55 | C61: 개선 | D61: O | E61: 생산 | F61: 생산실적 | G61: MES | H61: 실적 등록 진행시 자재투입 에러 발생되며 시간 LOSS 발생 | V61: 45051 | AB61: 서버 리부트 | AC61: 점검진행 | AD61: 최종이상유무 확인
B62: =+B61+1 -> 56 | C62: 개선 | D62: O | E62: 공통 | F62: 조회 | G62: MES | H62: 금형 LOT 별 실적 표기 확인 | V62: 45023 | AA62: 적용
B63: =+B62+1 -> 57 | C63: 개선 | D63: O | E63: 공통 | F63: 조회 | G63: MES | H63: 실적입력시 투입자재 자재 품목명 표기 | V63: 45042 | AB63: 개발 | AC63: 적용
B64: 58 | C64: 개선 | D64: X | E64: 공통 | F64: 실적입력 | G64: MES | H64: 실적 입력시 각 공정별 셋팅 기록 값 입력 진행 - 작업일보 개념 | V64: 협의필요
B65: 59 | C65: 개선 | D65: O | E65: 공통 | F65: Lotcard | G65: MES | H65: lot card - 일자 표현 중 일자를 두자리 관리로 변경 가능여부 확인(36진수->10진수) | V65: 45033 | AA65: 개발 | AB65: 적용
B66: =+B65+1 -> 60 | C66: 개선 | D66: O | E66: 공통 | F66: Lotcard | G66: MES | H66: lot card - 생성수량 지정하여 생성 | V66: 45061 | AE66: 개발 | AF66: 적용
B67: =+B66+1 -> 61 | C67: 개선 | D67: O | E67: 공통 | F67: Lotcard | G67: MES | H67: 반제품 관련 이동처리불가(반품불가) - 특정 창고에서만 진행 가능.(S30 자재창고 - 에서만 가능) | V67: 45051 | AD67: 변경진행
B68: 62 | C68: 개선 | D68: O | E68: 공통 | F68: 실적 | G68: POP | H68: 재검사 진행의 실적 취소 후 재 등록 시 재 등록이 안되는 문제 발생 | V68: 45058 | AC68: 일부 개선 | AD68: 추가개선진행 | AE68: 적용
B69: 63 | C69: 개선 | D69: O | E69: 공통 | F69: 실적 | G69: PDA | H69: 접속자 관리 대상에서 제외 필요(ERP와 같이 접속자 관리 중복으로 이루어져서 다중접속이 되지 읺음) | V69: 45038 | AB69: 업체 내부논의 | AC69: 변경 | AD69: 적용
B70: 64 | C70: 개발 | D70: △ | E70: 공통 | F70: 실적 | G70: MES | H70: PL AOI 관련 연동 작업 | V70: 설비 비나 도착 후 확인 | AB70: 기본운영안 수립 | AC70: AOI 업체 조율 | AD70: 출력내용협의 | AG70: 업체미팅 | AI70: 일정 재 협의 | AP70: 개발 | AQ70: 연동TEST | AR70: 화면개발 | AS70: 적용TEST | AT70: 적용TEST
B71: 65 | C71: 개선 | D71: O | E71: 공통 | F71: 실적 | G71: MES | H71: OPPO 관련 마킹 연동여부 및 CELL QR 마킹 체계변경 진행 | V71: 45076 | AC71: 내부미팅 | AD71: 고객사 검토 | AO71: 개발 | AP71: 연동TEST | AQ71: 연동TEST | AR71: 연동TEST | AS71: 연동TEST
B72: 66 | C72: 개발 | D72: O | E72: 공통 | F72: 라벨 | G72: ERP/MES | H72: SDI PSA6용 라벨 개발 - 신규접수 | V72: 45065 | AF72: ` | AH72: 개발 | AI72: 개발
B73: 67 | C73: 개발 | D73: △ | E73: 공통 | F73: 자재 | G73: ERP/MES | H73: UB FILM 자재 LOT 기준 유효일자 관리 - 검토메일 송부 완료 (우선 기존POP활용) - 보류중 | V73: 내부 논의필요(진행여부) | AC73: 업체미팅 | AD73: 견적접수 | AF73: 보류중
B74: 68 | C74: 개발 | D74: O | E74: 공통 | F74: 기준정보 | G74: ERP/MES | H74: UTG 다중 + PWA 다중 등 다양한 조합이 기준정보로 이상없이 운영 가능토록 | V74: 45056 | AC74: 업체미팅 | AD74: 검토 | AE74: 개발기준 변경
B75: 69 | C75: 개발 | D75: △ | E75: 마킹 | F75: 연동 | G75: ERP/MES | H75: PL 인라인장비 QR마킹기 연동 가능여부 확인 | V75: 45122 | AC75: 마킹기업체 미팅 | AD75: 전산업체 개발논의 | AG75: 1차 국내TEST | AM75: 실물TEST | AN75: 전산개발 | AO75: 전산개발 | AP75: 연동TEST | AQ75: 개선점 적용
B76: 70 | C76: 개발 | D76: O | E76: 마킹 | F76: 연동 | G76: MES | H76: OPPO 조립라벨의 중복 유효성 검토 진행(수동방식 or 연동 방식에 대해서는 결정 필요) | V76: 45062 | AC76: 내용정리 | AD76: 개발 | AE76: 개발/TEST | AF76: TEST/적용
B77: 71 | C77: 개발 | D77: O | E77: 신규모델 | F77: B5 | G77: MES | H77: B5관련 CELL 라벨 및 전산 프로세스 방향 설정 (초품 및 출하가지 확인) | V77: 2023-05-23 /지속확인중 | AD77: 전산업체 개발논의 | AE77: 개발 | AF77: 개발/TEST | AH77: 대량검증
B78: 72 | C78: 개선 | D78: O | E78: 공통 | F78: 금형관련 | G78: ERP/MES | H78: 고객사 요청에 의한 금형 CODE규칙 변경(기존 이력 DATA 수정 진행) | V78: 45056 | AD78: 일부 개선 | AE78: 추가개선진행 | AF78: 적용
B79: 73 | C79: 개발 | D79: O | E79: 공통 | F79: 재포장 | G79: MES | H79: NITTO 고객검사 의뢰 및 재포장 검증 화면 / 이력 관리 | V79: 45096 | AD79: 일부 개선 | AG79: 일부 개선 | AH79: 일부 개선 | AJ79: 추가개선진행 | AK79: 적용
B80: 74 | C80: FLOW | D80: △ | E80: 공통 | F80: 선합지 | G80: ERP/MES | H80: 선합지 기준프로세스 정립(미 정리 부분) | V80: 지속 확인하여 잔행 | AD80: 미팅 | AE80: 내부미팅 | AF80: 의견조율 | AH80: 추가자료확인 | AI80: 추가의견수립 | AJ80: 개발내용점검 | AK80: 및 수정작업진행 | AL80: 개발내용점검 | AM80: 및 수정작업진행
B81: 75 | C81: FLOW | D81: X | E81: 공통 | F81: 재검양품 | G81: ERP/MES | H81: 재검양품화 Process 수립 진행 필요 - 현재 기준으로는 재검 bom / 라우팅 구성 필요 | V81: 내용추가 정리
B82: 76 | C82: 개발 | D82: X | E82: 공통 | F82: RMA재검 | G82: ERP/MES | H82: 고객사 RMA 양품화 재고 수량 반영 방법 확인 | V82: 내용추가 정리
B83: 77 | C83: FLOW | D83: X | E83: 구매 | F83: 슬리팅 | G83: ERP/MES | H83: 슬리팅 소요량 단위에 대한 방법 변경 + 오더 발행에 대한 개념 재 정립 | V83: 7월 1주차 | AK83: 내부미팅 | AL83: 업체미팅/방향설정 | AM83: 개발 | AN83: 개발 | AO83: 개발 | AP83: 적용
B84: 78 | C84: 개선 | D84: O | E84: 공통 | F84: 자재요청 | G84: ERP/MES | H84: 요청 내역에서 품목명(제품명) 나올수 있도록 변경 | V84: 45094 | AJ84: 개발 | AK84: 개발
B85: 79 | C85: 개선 | D85: O | E85: 공통 | F85: 공정재공 | G85: MES | H85: 공정재고 현황 구축 | V85: 45071 | AF85: 일부개선 | AG85: 일부개선 | AH85: 추가개선/적용
B86: 80 | C86: 개선 | D86: O | E86: 공통 | F86: 공정재공 | G86: MES | H86: 인수인계 기능 강화 -> 추가 개선점 여부는 확인 예정 | V86: 45076 | AH86: 일부개선 | AI86: 일부개선 | AJ86: 추가개선 | AK86: TEST | AL86: 적용
B87: 81 | C87: 개선 | D87: O | E87: 공통 | F87: 공정재공 | G87: MES | H87: 동일 제품 다중 고객 일 경우 확인 진행 | V87: 추가 개선점 확인 중 | AJ87: 내용정리 | AK87: 개발 | AL87: 개발 | AM87: 적용
B88: 82 | C88: 개선 | D88: O | E88: 공통 | F88: 자재요청 | G88: ERP/MES | H88: 요청 내역에서 구매 팩킹단위로 올림 판정하여 자재 요청 될 수있도록 변경 | V88: 45094 | AJ88: 개발 | AK88: 개발
B89: 83 | C89: 개선 | D89: X | E89: 공통 | F89: 인프라 | G89: ERP/MES | H89: 원활한 운영을 위한 추가 인프라 구축진행 | V89: 확인중 | AK89: 내용정리 | AL89: 적정성검토 | AM89: 구매여부 결정 | AN89: 구매 | AO89: 구매 | AP89: 현장적용
B90: 84 | C90: 개선 | D90: △ | E90: 영업 | F90: 포장 | G90: ERP/MES | H90: 박스 포장시 문제점(중복팩킹 / LOT체계 변경 문제 / PDA 중복 처리 문제 / BOX LOT 중복 발생) | V90: 6월 3주차 이전 | AG90: 문제점확인 | AH90: 개선진행 | AI90: 개선진행 | AJ90: 개선진행 | AK90: 죄종확인
B91: 85 | C91: 개선 | D91: O | E91: 품질 | F91: 포장 | G91: MES | H91: PACK 포장라벨 출력횟수표현으로 출력 미출력 DATA 관리 진행 | V91: 45076 | AG91: 문제점확인 | AH91: 개선진행
B92: 86 | C92: 개발 | D92: X | E92: 공통 | F92: 선합지 | G92: MES | H92: 조회화면 구축 | V92: 8월 말 | AR92: 내용정리 | AS92: 전산개발 | AT92: 작용/추가확인 | AU92: 전산개발
B93: 87 | C93: 개발 | D93: △ | E93: 공통 | F93: AOI | G93: MES | H93: 불량이미지 관련 확인 | V93: 고객 확인 중
B94: 88 | C94: 개발 | D94: △ | E94: 공통 | F94: 자재요청 | G94: ERP | H94: 요청량 대비 과 출고 허용 토록 변경 | V94: 6월중 | AK94: 개발 | AL94: 적용TEST
B95: 89 | C95: 개선 | D95: △ | E95: 생산 | F95: 마킹기 | G95: MES | H95: KIT 마킹기 신규전산 프로그램 미설치 되는현상 해결 방법 모색 | V95: 6월중 | AK95: 방법확인 | AL95: TEST

Sheet 선합지 일정
B1: ■ 선합지 구축 관련 일정
B2: 구분 | C2: 5월 | H2: 6월 | L2: 7월 | P2: 8월 | U2: 비고
C3: 1주차 | D3: 2주차 | E3: 3주차 | F3: 4주차 | G3: 5주차 | H3: 1주차 | I3: 2주차 | J3: 3주차 | K3: 4주차 | L3: 1주차 | M3: 2주차 | N3: 3주차 | O3: 4주차 | P3: 1주차 | Q3: 2주차 | R3: 3주차 | S3: 4주차 | T3: 5주차
B4: 선합지PLC연동개발 | R4: 조회
B5: AutoLami PLC연동테스트 | I5: ms콘퍼넌트
B6: EDI연동 API구축 | U6: *EDI 회원가입 및 협력사 Token발행 필수
B7: EDI연동 테스트 | U7: *연동데이터는 TEST데이터로 진행가능
B8: UTG수입검사 실적등록 | Q8: 조회
B9: 선합지 AutoLami 실적등록
B10: 선합지 AutoClave 실적등록
B11: 선합지 전수검사 | S11: 조회
B12: EDI CTQ등록
B13: 선합지 불량포장 | Q13: 조회
B14: 선합지 불량반품 | Q14: 조회
B15: 선합지 Rework
B16: SI-QC 검사 | S16: 조회
B17: 선합지 Pack재포장
B18: 선합지 QR마킹 | U18: *Marking설비업체 협업 진행
B19: 일반 QR마킹 | U19: *Marking설비업체 협업 진행
B20: 기타 선합지관련 조회화면 | Q20: 조회 | R20: 조회 | S20: 조회
B21: Direct T 연동테스트 | U21: *Direct T 관련 연동설정 필요
B22: 각 검사실적 연동
B23: 최종테스트 | R23: TEST | S23: TEST | T23: TEST

Sheet AOI일정표
B2: - 작업 예정 스케줄표
B3: 내용 | C3: 담당 | D3: 1 | E3: 2 | F3: 3 | G3: 4 | H3: 5 | I3: 6 | J3: 7 | K3: 8 | L3: 9 | M3: 10 | N3: 11 | O3: 12 | P3: 13 | Q3: 14 | R3: 15 | S3: 16 | T3: 17 | U3: 18 | V3: 19 | W3: 20 | X3: 21 | Y3: 22 | Z3: 23 | AA3: 24
B4: DB구축 | C4: 세경
B5: 접속TEST 진행 | C5: NEXT EYE
B6: 연동TES 자료송부 | C6: NEXT EYE
B7: TABLE구성 | C7: NEXT EYE
B8: 1차연동TEST | C8: 세경/ NEXT EYE
B9: TABLE수정 | C9: 세경/ NEXT EYE
B10: 2차연동TEST | C10: 세경/ NEXT EYE
B11: 화면구축 DATA확인 | C11: 세경
B12: 불량상세정보 연동TEST | C12: 세경/ NEXT EYE
B13: 이미지 저장 위치 설정 | C13: 세경
B14: 이미지 파일전송TEST | C14: 세경/ NEXT EYE
B15: 전산 PROCESS구축 | C15: 세경
B16: 조회화면 구축 | C16: 세경

Sheet OCA시범 운영
B2: 1. 3월 14일 기준
B3: 고객 | C3: 최종고객 | D3: 제품코드 | E3: ERP 코드 | F3: 현재상태
F4: 코드등록 | G4: BOM | H4: 라우팅 | I4: 자품목 | J4: 자재준비 | K4: 제조오더 | L4: 수주등록
B5: NITTO | C5: LGD | D5: 6302L-0144G | E5: PM02OC-2211-011 | F5: O | G5: 수정필요 | H5: 수정필요 | I5: 수정필요 | J5: X | K5: X | L5: X
B6: NITTO | C6: SDV | D6: LJ63-21457A | E6: PM02OC-2211-004 | F6: O | G6: 수정필요 | H6: 수정필요 | I6: 수정필요 | J6: X | K6: X | L6: X
B8: 2. 3월 15일 기준
B9: 고객 | C9: 최종고객 | D9: 제품코드 | E9: ERP 코드 | F9: 현재상태
F10: 코드등록 | G10: BOM | H10: 라우팅 | I10: 자품목 | J10: 자재준비 | K10: 제조오더 | L10: 수주등록
B11: NITTO | C11: LGD | D11: 6302L-0144G | E11: PM02OC-2211-011 | F11: O | G11: 일부수정필요 | H11: O | I11: 일부수정필요 | J11: X | K11: X | L11: X
B12: NITTO | C12: SDV | D12: LJ63-21457A | E12: PM02OC-2211-004 | F12: O | G12: 일부수정필요 | H12: O | I12: 일부수정필요 | J12: X | K12: X | L12: X
B14: 3. 3월 20일 기준
B15: 고객 | C15: 최종고객 | D15: 제품코드 | E15: ERP 코드 | F15: 현재상태
F16: 코드등록 | G16: BOM | H16: 라우팅 | I16: 자품목 | J16: 자재준비 | K16: 제조오더 | L16: 수주등록
B17: NITTO | C17: LGD | D17: 6302L-0144B | F17: X | G17: X | H17: X | I17: X | J17: X | K17: X | L17: X
B18: NITTO | C18: SDV | D18: LJ63-21457A | E18: PM02OC-2211-004 | F18: O | G18: 일부수정필요 | H18: O | I18: 일부수정필요 | J18: X | K18: X | L18: X
B19: * Roll / MT 단위에 대한 입력 현황 조정 필요
B21: 1. 현재 기준(0411)
B22: 고객 | C22: 최종고객 | D22: 제품코드 | E22: ERP 코드 | F22: 현재상태
F23: 코드등록 | G23: BOM | H23: 라우팅 | I23: 자품목 | J23: 자재준비 | K23: 제조오더 | L23: 수주등록 | M23: 라벨개발
B24: NITTO | C24: SDV | D24: LJ63-21457B | E24: PM02OC-2211-005 | F24: O | G24: O | H24: O | I24: O | J24: X | K24: X | L24: X | M24: X | N24: 생산미진행
B25: NITTO | C25: SDV | D25: LJ63-21457A | E25: PM02OC-2211-004 | F25: O | G25: O | H25: O | I25: O | J25: O | K25: O | L25: O | M25: X
B26: NITTO | C26: SDV | D26: LJ63-20877D | E26: PM02OC-2211-006 | F26: O | G26: O | H26: O | I26: O | J26: - | K26: - | L26: - | M26: X
B27: * 최종 코드 반영
B28: * 자재준비는 우선 기타입고로 반영 진행하여 생산 반영 진행 OR 정상 입고 진행 확인 진행
B30: ■ 진행 일정
B31: NO. | C31: 내용 | E31: 일정 | F31: 비고 | I31: 45008 | J31: =+I31+1 -> 45009 | K31: =+J31+1 -> 45010 | L31: =+K31+1 -> 45011 | M31: =+L31+1 -> 45012 | N31: =+M31+1 -> 45013 | O31: =+N31+1 -> 45014 | P31: =+O31+1 -> 45015 | Q31: =+P31+1 -> 45016 | ... V31: =+U31+1 -> 45021
B32: 1 | C32: BOM등록 교육 | E32: 45008 | F32: 오전(추가 문제있을 시 확인) 검증 프로세스에 대해 기준 필요 | I32: O
B33: =+B32+1 -> 2 | C33: BOM 재 등록 | E33: 45008 | F33: 오후 재등록 BOM확인 | I33: O | J33: O
B34: =+B33+1 -> 3 | C34: 사전simulation | E34: 3/24~ | F34: 미 개발 부분 외 문제점 확인 | J34: O | K34: O
B35: =+B34+1 -> 4 | C35: 전체코드 재등록? | E35: 진행여부 확인필요 | F35: BOM이후 확인 진행
B36: =+B35+1 -> 5 | C36: 전산등록 관련 교육 | F36: 실적 진행을 위한 추가 교육 | K36: O
B37: =+B36+1 -> 6 | C37: 금형등록 | E37: 45010 | F37: 1line 금형 등록 및 라벨 출력 | K37: 재교육진행 | M37: O
B38: =+B37+1 -> 7 | C38: 금형 interlock | F38: 금형관리를 통한 인터락기능 활성 | U38: TEST예정 | V38: O
B39: =+B38+1 -> 8 | C39: 자재준비 | E39: 3/23~3/27 | F39: 우선 기타입고 반영(MR기준) 구전산과 동시 진행 | K39: 재교육진행 | M39: O | O39: O
B40: =+B39+1 -> 9 | C40: 제조오더 | E40: 45009 | F40: 재 교육 완료 | M40: O
B41: =+B40+1 -> 10 | C41: 생산진행 | E41: 45012 | F41: 1LINE만 전산 동시 운영진행 | N41: O
B42: =+B41+1 -> 11 | C42: 수불부 교육 | E42: 45008 | F42: NITTO 활용관련 하여 교육진행 2회진행 | I42: O | K42: O
B43: =+B42+1 -> 12 | C43: 자재준비 | E43: 45010 | F43: 구매 발주부터 진행하여 반영(가상) | M43: O | N43: O | O43: O
B44: =+B43+1 -> 13 | C44: 라벨개발 | E44: - | F44: 일정 재확인 필요
B45: =+B44+1 -> 14 | C45: 추가문제점 확인 및 조치 | E45: 3/25~
B46: =+B45+1 -> 15 | C46: 실 재고 반영 | E46: - | F46: 재고조사 기준 반영
B47: =+B46+1 -> 16 | C47: 추가 코드 점진적 진행 | E47: 4/5~
B48: * 타발불량 관련 내역 수불부에 표시(별도 불량명 관리 진행)_
B49: * 신규ERP 진행 관련 오전 정기 미팅 진행

Sheet PL시범 운영
B2: 1. 현재 기준(0411)
B3: 고객 | C3: 최종고객 | D3: 제품명 | E3: ERP CODE | F3: 현재상태
F4: 코드등록 | G4: BOM | H4: 라우팅 | I4: 자품목 | J4: 자재준비 | K4: 제조오더 | L4: 수주등록 | M4: 라벨개발
B5: SDV | C5: SDV | D5: LJ64-06562A | E5: PM04PL-2211-003 | F5: O | G5: O | H5: O | I5: O | J5: O | K5: O | L5: X | M5: X
D6: LJ64-06562A_Easy_LINER | E6: HM04PF-2211-001 | F6: O | G6: O | H6: O | I6: O | J6: O | K6: O | L6: - | M6: O | N6: 자재라벨 적용
D7: LJ64-06562A_Heavy_LINER | E7: HM04PF-2211-002 | F7: O | G7: O | H7: O | I7: O | J7: O | K7: O | L7: - | M7: O | N7: 자재라벨 적용
B8: * 최종 코드 반영 | M8: `
B9: * 자재준비는 우선 기타입고로 반영 진행하여 생산 반영 진행 OR 정상 입고 진행 확인 진행
B11: ■ 진행 일정
B12: NO. | C12: 내용 | E12: 일정 | F12: 비고 | I12: 45012 | J12: =+I12+1 -> 45013 | K12: =+J12+1 -> 45014 | L12: =+K12+1 -> 45015 | M12: =+L12+1 -> 45016 | N12: =+M12+1 -> 45017 | O12: =+N12+1 -> 45018 | P12: =+O12+1 -> 45019 | Q12: =+P12+1 -> 45020 | ... AK12: =+AJ12+1 -> 45040
B13: 1 | C13: BOM등록 교육 | E13: 3/24, 3/31 | F13: 다단계 구조 추가 교육진행 | M13: O
B14: =+B13+1 -> 2 | C14: BOM 재 등록 | E14: 3/31~ | F14: 재등록 BOM확인 | S14: O
B15: =+B14+1 -> 3 | C15: 라우팅 재교육 | E15: 45020 | F15: 변경된 PROCESS 기준 등록 교육
B16: =+B15+1 -> 4 | C16: 라우팅 재등록 | E16: 4/4~
B17: =+B16+1 -> 5 | C17: 사전simulation | E17: 3/24~ | F17: 미 개발 부분 외 문제점 확인
B18: =+B17+1 -> 6 | C18: 전산등록 관련 교육 | F18: 실적 진행을 위한 추가 교육 | M18: O
B19: =+B18+1 -> 7 | C19: 자재준비 | E19: 4/4~ | F19: 구전산과 동시 진행 | S19: O | T19: BOM변경으로 CODE 수정진행
B20: =+B19+1 -> 8 | C20: 제조오더 | E20: 45021 | F20: 재 교육 완료 | R20: O | S20: O | AA20: `
B21: =+B20+1 -> 9 | C21: 생산진행 | E21: 4/7~ | F21: 1품목 진행 | T21: O | U21: 실적 미진행 | W21: 재독려 필요 | Y21: O | Z21: O | AA21: O
B22: =+B21+1 -> 10 | C22: 조회화면 | E22: 확인중 | F22: 별도 개발 진행 필요(기간확인중)
B23: =+B22+1 -> 11 | C23: 자재준비 | E23: 4/4~ | F23: 구매 발주부터 진행하여 반영(가상) | Q23: O | R23: O | S23: O | T23: O
B24: =+B23+1 -> 12 | C24: 라벨개발 | F24: 일정 재확인 필요
B25: =+B24+1 -> 13 | C25: 추가문제점 확인 및 조치 | E25: 4/6~
B26: =+B25+1 -> 14 | C26: 실 재고 반영 | E26: 3/31~4/1 | F26: 재고조사 기준 반영
B27: =+B26+1 -> 15 | C27: 추가 코드 점진적 진행 | E27: 4/12~

Sheet SUS시범 운영 
B2: 1. 현재 기준(0411)
B3: 고객 | C3: 최종고객 | D3: 제품CODE | E3: ERP CODE | F3: 현재상태
F4: 코드등록 | G4: BOM | H4: 라우팅 | I4: 자품목 | J4: 자재준비 | K4: 제조오더 | L4: 수주등록 | M4: 라벨개발
B5: LGDISPLAY | C5: LGDISPLAY | D5: 3300L-0808B | E5: PM01CA-2211-167 | F5: O | G5: O | H5: O | I5: O
D6: TOP DJ 3300L-0808B | E6: HM01CA-2211-001 | F6: O | G6: O | H6: O | I6: O | M6: O | N6: 자재라벨 적용
D7: BTM DJ 3300L-0808B | E7: HM01CA-2211-002 | F7: O | G7: O | H7: O | I7: O | M7: O | N7: 자재라벨 적용
B8: * 최종 코드 반영 | M8: `
B9: * 자재준비는 우선 기타입고로 반영 진행하여 생산 반영 진행 OR 정상 입고 진행 확인 진행
B11: ■ 진행 일정
B12: NO. | C12: 내용 | E12: 일정 | F12: 비고 | I12: 45023 | J12: =+I12+1 -> 45024 | K12: =+J12+1 -> 45025 | L12: =+K12+1 -> 45026 | M12: =+L12+1 -> 45027 | N12: =+M12+1 -> 45028 | O12: =+N12+1 -> 45029 | P12: =+O12+1 -> 45030 | Q12: =+P12+1 -> 45031 | ... Y12: =+X12+1 -> 45039
B13: 1 | C13: BOM등록 교육 | F13: 다단계 구조 추가 교육진행 | J13: o
B14: =+B13+1 -> 2 | C14: BOM 재 등록 | F14: 재등록 BOM확인 | J14: o
B15: =+B14+1 -> 3 | C15: 라우팅 재등록 | L15: o
B16: =+B15+1 -> 4 | C16: 사전simulation | F16: 미 개발 부분 외 문제점 확인 | M16: o
B17: =+B16+1 -> 5 | C17: 전산등록 관련 교육 | F17: 실적 진행을 위한 추가 교육
B18: =+B17+1 -> 6 | C18: 자재준비 | F18: 구전산과 동시 진행 | O18: o | P18: o
B19: =+B18+1 -> 7 | C19: 제조오더 | F19: 재 교육 완료
B20: =+B19+1 -> 8 | C20: 생산진행 | F20: 1품목 진행
B21: =+B20+1 -> 9 | C21: 조회화면 | F21: 별도 개발 진행 필요(기간확인중)
B22: =+B21+1 -> 10 | C22: 자재준비 | F22: 구매 발주부터 진행하여 반영(가상)
B23: =+B22+1 -> 11 | C23: 라벨개발 | F23: 일정 재확인 필요
B24: =+B23+1 -> 12 | C24: 추가문제점 확인 및 조치
B25: =+B24+1 -> 13 | C25: 실 재고 반영 | F25: 재고조사 기준 반영
B26: =+B25+1 -> 14 | C26: 추가 코드 점진적 진행

Sheet DECO시범 운영
B2: 1. 현재 기준(0411)
B3: 고객 | C3: 최종고객 | D3: 제품CODE | E3: ERP CODE | F3: 현재상태
F4: 코드등록 | G4: BOM | H4: 라우팅 | I4: 자품목 | J4: 자재준비 | K4: 제조오더 | L4: 수주등록 | M4: 라벨개발
B5: SDV | C5: SDV | D5: 520 GREEN
N6: 자재라벨 적용
N7: 자재라벨 적용
B8: * 최종 코드 반영 | M8: `
B9: * 자재준비는 우선 기타입고로 반영 진행하여 생산 반영 진행 OR 정상 입고 진행 확인 진행
B10: * 반제품화 진행여부는 확인 필요
B11: ■ 진행 일정
B12: NO. | C12: 내용 | E12: 일정 | F12: 비고 | I12: 45023 | J12: =+I12+1 -> 45024 | K12: =+J12+1 -> 45025 | L12: =+K12+1 -> 45026 | M12: =+L12+1 -> 45027 | N12: =+M12+1 -> 45028 | O12: =+N12+1 -> 45029 | P12: =+O12+1 -> 45030 | Q12: =+P12+1 -> 45031 | ... Y12: =+X12+1 -> 45039
B13: 1 | C13: 구매교육(CODE~발주) | F13: 변경된 PROCESS 기준 등록 교육 | J13: O | Q13: O
B14: =+B13+1 -> 2 | C14: BOM등록 교육 | E14: 45027 | F14: 다단계 구조 추가 교육진행 | M14: O | Q14: O
B15: =+B14+1 -> 3 | C15: BOM 재 등록 | E15: ~4/13 | F15: 재등록 BOM확인 | O15: O
B16: =+B15+1 -> 4 | C16: 라우팅/생산 재교육 | E16: 45028 | F16: 변경된 PROCESS 기준 등록 교육 | S16: O
B17: =+B16+1 -> 5 | C17: 라우팅 재등록 | E17: ~4/13 | T17: O
B18: =+B17+1 -> 6 | C18: 사전simulation | E18: ~4/13 | F18: 미 개발 부분 외 문제점 확인 | O18: O
B19: =+B18+1 -> 7 | C19: 전산등록 관련 교육 | E19: 45028 | F19: 기존 내용 점검 | O19: O
B20: =+B19+1 -> 8 | C20: 자재준비 | E20: ~4/15 | F20: 구 전산과 동시 진행 라벨 라인투입진행 | W20: O
B21: =+B20+1 -> 9 | C21: 제조오더 | E21: 45029
B22: =+B21+1 -> 10 | C22: 생산진행 | E22: 4/17~ | F22: 1품목 진행
B23: =+B22+1 -> 11 | C23: 조회화면 | E23: - | F23: 별도 개발 진행 필요(기간확인중)
B24: =+B23+1 -> 12 | C24: 라벨개발 | E24: - | F24: 일정 재확인 필요
B25: =+B24+1 -> 13 | C25: 추가문제점 확인 및 조치 | E25: -
B26: =+B25+1 -> 14 | C26: 실 재고 반영 | E26: 5월초 반영 | F26: 재고조사 기준 반영
B27: =+B26+1 -> 15 | C27: 추가 코드 점진적 진행 | E27: 운영 DB RESET 후 진행
